product_code,sku_code,merchant_code
ID04018,sku51627898549233,MID.08 
ID04018,sku51627898549233,MID.02
ID04018,sku51627898549233,MID.01
ID04018,sku51627898549233,AMZ.ID
ID04018,sku51627898549233,CPO.ID
ID04018,sku61627898549252,MID.08
ID04018,sku61627898549252,MID.02
ID04018,sku61627898549252,MID.01
ID04018,sku61627898549252,AMZ.ID
ID04018,sku61627898549252,CPO.ID
ID04018,sku71627898549282,MID.08
ID04018,sku71627898549282,MID.02
ID04018,sku71627898549282,MID.01
ID04018,sku71627898549282,AMZ.ID
ID04018,sku71627898549282,CPO.ID
ID04018,sku81627898549306,MID.08
ID04018,sku81627898549306,MID.02
ID04018,sku81627898549306,MID.01
ID04018,sku81627898549306,AMZ.ID
ID04018,sku81627898549306,CPO.ID
ID04018,sku91627898549314,MID.08
ID04018,sku91627898549314,MID.02
ID04018,sku91627898549314,MID.01
ID04018,sku91627898549314,AMZ.ID
ID04018,sku91627898549314,CPO.ID
PH09035,sku01628042670893,TVH.PH
PH09036,sku01628042920134,TVH.PH
PH09037,sku01628043056349,TVH.PH
PH09038,sku01628043204168,TVH.PH
TEZ.GOBIZ.001,sku1677135992771,gobiz
TEZ.GOBIZ.001,sku1677135992772,gobiz
TEZ.GOBIZ.001,sku1677135992773,gobiz
TEZ.GOBIZ.001,sku1677135992774,gobiz
PH400900101,PH400900101,MPH.40
TH05018,sku01628303257933,DPN.TH
TH05018,sku11628303257976,DPN.TH
TH05018,sku21628303257986,DPN.TH
VL.04.003,sku-24-1527346363596,ARN.PH
VL.04.003,sku-24-1527346363596,LZC.PH
VL.04.003,sku-24-1527346363596,BLW.PH
VL.04.003,sku-24-1527346363596,CPO.PH
VL.04.003,sku-24-1527346363596,AMZ.PH
VL.04.003,sku-24-1527346363596,WAR.PH
VL.04.003,sku-24-1527346363807,ARN.PH
VL.04.003,sku-24-1527346363807,LZC.PH
VL.04.003,sku-24-1527346363807,BLW.PH
VL.04.003,sku-24-1527346363807,CPO.PH
VL.04.003,sku-24-1527346363807,AMZ.PH
VL.04.003,sku-24-1527346363807,WAR.PH
VL.04.003,sku-24-1527346364019,ARN.PH
VL.04.003,sku-24-1527346364019,LZC.PH
VL.04.003,sku-24-1527346364019,BLW.PH
VL.04.003,sku-24-1527346364019,CPO.PH
VL.04.003,sku-24-1527346364019,AMZ.PH
VL.04.003,sku-24-1527346364019,WAR.PH
VL.04.003,sku-24-1527346364230,ARN.PH
VL.04.003,sku-24-1527346364230,LZC.PH
VL.04.003,sku-24-1527346364230,BLW.PH
VL.04.003,sku-24-1527346364230,CPO.PH
VL.04.003,sku-24-1527346364230,AMZ.PH
VL.04.003,sku-24-1527346364230,WAR.PH
VL.04.003,sku-24-1527346364441,ARN.PH
VL.04.003,sku-24-1527346364441,LZC.PH
VL.04.003,sku-24-1527346364441,BLW.PH
VL.04.003,sku-24-1527346364441,CPO.PH
VL.04.003,sku-24-1527346364441,AMZ.PH
VL.04.003,sku-24-1527346364441,WAR.PH
EZ.04.010,sku01550045502295,MPH.07
EZ.04.010,sku01550045502295,MPH.03
EZ.04.010,sku01550045502295,MPH.10
EZ.04.010,sku01550045502295,MPH.06
EZ.04.010,sku01550045502295,MPH.11
EZ.04.010,sku01550045502295,MPH.12
EZ.04.010,sku01550045502295,MPH.05
EZ.04.010,sku01550045502295,MPH.09
EZ.04.010,sku01550045502295,MPH-06
EZ.04.010,sku01550045502295,WARLG.PH
EZ.04.010,sku01550045502295,WARVK.PH
EZ.04.010,sku01550045502295,FLASH.PH
EZ.04.010,sku01550045502295,WARTT.PH
EZ.04.010,sku01550045502295,IPT.PH
EZ.04.010,sku01550045502295,LZC.PH
EZ.04.010,sku01550045502295,BLW.PH
EZ.04.010,sku01550045502295,CPO.PH
EZ.04.010,sku01550045502295,AMZ.PH
EZ.04.010,sku01550045502295,WAR.PH
EZ.04.010,sku01550045502295,HZT.PH
EZ.04.022,sku01562551313230,LZC.PH
EZ.04.022,sku01562551313230,WAR.PH
EZ.04.022,sku01562551313230,BLW.PH
EZ.04.022,sku01562551313230,CPO.PH
EZ.04.022,sku01562551313230,AMZ.PH
EZ.04.022,sku11562551313232,LZC.PH
EZ.04.022,sku11562551313232,WAR.PH
EZ.04.022,sku11562551313232,BLW.PH
EZ.04.022,sku11562551313232,CPO.PH
EZ.04.022,sku11562551313232,AMZ.PH
EZ.04.022,sku21562551313234,LZC.PH
EZ.04.022,sku21562551313234,WAR.PH
EZ.04.022,sku21562551313234,BLW.PH
EZ.04.022,sku21562551313234,CPO.PH
EZ.04.022,sku21562551313234,AMZ.PH
EZ.04.015,sku01567673696675,IPT.PH
EZ.04.015,sku01567673696675,LZC.PH
EZ.04.015,sku01567673696675,CPO.PH
EZ.04.015,sku01567673696675,AMZ.PH
EZ.04.015,sku01567673696675,WAR.PH
EZ.04.015,sku01567673696675,ARN.PH
EZ.04.015,sku01567673696675,BLW.PH
EZ.04.015,sku11567673696690,IPT.PH
EZ.04.015,sku11567673696690,LZC.PH
EZ.04.015,sku11567673696690,CPO.PH
EZ.04.015,sku11567673696690,AMZ.PH
EZ.04.015,sku11567673696690,WAR.PH
EZ.04.015,sku11567673696690,ARN.PH
EZ.04.015,sku11567673696690,BLW.PH
EZ.04.015,sku21567673696698,IPT.PH
EZ.04.015,sku21567673696698,LZC.PH
EZ.04.015,sku21567673696698,CPO.PH
EZ.04.015,sku21567673696698,AMZ.PH
EZ.04.015,sku21567673696698,WAR.PH
EZ.04.015,sku21567673696698,ARN.PH
EZ.04.015,sku21567673696698,BLW.PH
EZ.04.016,sku01569925302088,ARN.PH
EZ.04.016,sku11569925302091,ARN.PH
EZ.04.018,sku01575282487622,IPT.PH
EZ.04.018,sku01575282487622,CPO.PH
EZ.04.018,sku01575282487622,LZC.PH
EZ.04.018,sku01575282487622,AMZ.PH
EZ.04.018,sku01575282487622,ARN.PH
EZ.04.018,sku01575282487622,WAR.PH
EZ.04.018,sku01575282487622,BLW.PH
EZ.04.018,sku11575282487626,IPT.PH
EZ.04.018,sku11575282487626,CPO.PH
EZ.04.018,sku11575282487626,LZC.PH
EZ.04.018,sku11575282487626,AMZ.PH
EZ.04.018,sku11575282487626,ARN.PH
EZ.04.018,sku11575282487626,WAR.PH
EZ.04.018,sku11575282487626,BLW.PH
EZ.04.018,sku21575282487629,IPT.PH
EZ.04.018,sku21575282487629,CPO.PH
EZ.04.018,sku21575282487629,LZC.PH
EZ.04.018,sku21575282487629,AMZ.PH
EZ.04.018,sku21575282487629,ARN.PH
EZ.04.018,sku21575282487629,WAR.PH
EZ.04.018,sku21575282487629,BLW.PH
EZ.04.023,sku01579715542590,ARN.PH
EZ.04.023,sku01579715542590,AMZ.PH
EZ.04.023,sku01579715542590,LZC.PH
EZ.04.023,sku11579715542593,ARN.PH
EZ.04.023,sku11579715542593,AMZ.PH
EZ.04.023,sku11579715542593,LZC.PH
EZ.04.026,sku01584363506257,WAR.PH
EZ.04.026,sku01584363506257,AMZ.PH
EZ.04.026,sku01584363506257,CPO.PH
EZ.04.026,sku01584363506257,ARN.PH
EZ.04.026,sku01584363506257,LZC.PH
EZ.04.026,sku01584363506257,BLW.PH
EZ.04.026,sku11584363506259,WAR.PH
EZ.04.026,sku11584363506259,AMZ.PH
EZ.04.026,sku11584363506259,CPO.PH
EZ.04.026,sku11584363506259,ARN.PH
EZ.04.026,sku11584363506259,LZC.PH
EZ.04.026,sku11584363506259,BLW.PH
EZ.04.026,sku21584363506261,WAR.PH
EZ.04.026,sku21584363506261,AMZ.PH
EZ.04.026,sku21584363506261,CPO.PH
EZ.04.026,sku21584363506261,ARN.PH
EZ.04.026,sku21584363506261,LZC.PH
EZ.04.026,sku21584363506261,BLW.PH
EZ.04.026,sku31584363506262,WAR.PH
EZ.04.026,sku31584363506262,AMZ.PH
EZ.04.026,sku31584363506262,CPO.PH
EZ.04.026,sku31584363506262,ARN.PH
EZ.04.026,sku31584363506262,LZC.PH
EZ.04.026,sku31584363506262,BLW.PH
EZ.04.026,sku41584363506263,WAR.PH
EZ.04.026,sku41584363506263,AMZ.PH
EZ.04.026,sku41584363506263,CPO.PH
EZ.04.026,sku41584363506263,ARN.PH
EZ.04.026,sku41584363506263,LZC.PH
EZ.04.026,sku41584363506263,BLW.PH
EZ.04.026,sku51584363506264,WAR.PH
EZ.04.026,sku51584363506264,AMZ.PH
EZ.04.026,sku51584363506264,CPO.PH
EZ.04.026,sku51584363506264,ARN.PH
EZ.04.026,sku51584363506264,LZC.PH
EZ.04.026,sku51584363506264,BLW.PH
EZ.04.026,sku61584363506266,WAR.PH
EZ.04.026,sku61584363506266,AMZ.PH
EZ.04.026,sku61584363506266,CPO.PH
EZ.04.026,sku61584363506266,ARN.PH
EZ.04.026,sku61584363506266,LZC.PH
EZ.04.026,sku61584363506266,BLW.PH
EZ.04.027,sku01584380186641,LZC.PH
EZ.04.027,sku01584380186641,WAR.PH
EZ.04.027,sku01584380186641,BLW.PH
EZ.04.027,sku01584380186641,CPO.PH
EZ.04.027,sku01584380186641,AMZ.PH
EZ.04.028,sku01584380468345,MPH.21
EZ.04.028,sku01584380468345,MPH.07
EZ.04.028,sku01584380468345,MPH.09
EZ.04.028,sku01584380468345,MPH.06
EZ.04.028,sku01584380468345,MPH.11
EZ.04.028,sku01584380468345,MPH.12
EZ.04.028,sku01584380468345,MPH.03
EZ.04.028,sku01584380468345,MPH.05
EZ.04.028,sku01584380468345,MPH.10
EZ.04.028,sku01584380468345,MPH-06
EZ.04.028,sku01584380468345,WARTT.PH
EZ.04.028,sku01584380468345,WARLG.PH
EZ.04.028,sku01584380468345,WARVK.PH
EZ.04.028,sku01584380468345,ARN06
EZ.04.028,sku01584380468345,ARN-TWB.PH
EZ.04.028,sku01584380468345,ARN-BD.PH
EZ.04.028,sku01584380468345,ARN-BG.PH
EZ.04.028,sku01584380468345,CPO.PH
EZ.04.028,sku01584380468345,ARN.PH
EZ.04.028,sku01584380468345,AMZ.PH
EZ.04.028,sku01584380468345,LZC.PH
EZ.04.028,sku01584380468345,WAR.PH
EZ.04.028,sku01584380468345,BLW.PH
EZ.04.028,sku01584380468345,ARN-AG.PH
EZ.04.029,sku01588663512431,1M.PH
EZ.04.029,sku01588663512431,BLW.PH
EZ.04.029,sku01588663512431,CPO.PH
EZ.04.029,sku01588663512431,LZC.PH
EZ.04.029,sku01588663512431,AMZ.PH
EZ.04.029,sku11588663512433,1M.PH
EZ.04.029,sku11588663512433,BLW.PH
EZ.04.029,sku11588663512433,CPO.PH
EZ.04.029,sku11588663512433,LZC.PH
EZ.04.029,sku11588663512433,AMZ.PH
EZ.04.031,sku01591772518706,ARN.PH
EZ.04.031,sku01591772518706,LZC.PH
EZ.04.031,sku01591772518706,BLW.PH
EZ.04.031,sku01591772518706,CPO.PH
EZ.04.031,sku01591772518706,WAR.PH
EZ.04.031,sku01591772518706,AMZ.PH
EZ.04.034,sku01591844035425,1M.PH
EZ.04.034,sku01591844035425,LZC.PH
EZ.04.034,sku01591844035425,CPO.PH
EZ.04.034,sku01591844035425,AMZ.PH
EZ.04.034,sku01591844035425,BLW.PH
EZ.04.034,sku01591844035425,WAR.PH
EZ.04.032,sku01591929343134,WAR.PH
EZ.04.032,sku01591929343134,LZC.PH
EZ.04.032,sku01591929343134,CPO.PH
EZ.04.032,sku01591929343134,BLW.PH
EZ.04.032,sku01591929343134,AMZ.PH
EZ.04.032,sku01591929343134,HZT.PH
EZ.04.015,sku31592789645750,IPT.PH
EZ.04.015,sku31592789645750,LZC.PH
EZ.04.015,sku31592789645750,CPO.PH
EZ.04.015,sku31592789645750,AMZ.PH
EZ.04.015,sku31592789645750,WAR.PH
EZ.04.015,sku31592789645750,ARN.PH
EZ.04.015,sku31592789645750,BLW.PH
EZ.04.035,sku01592811411952,CPO.PH
EZ.04.035,sku01592811411952,BLW.PH
EZ.04.035,sku01592811411952,AMZ.PH
EZ.04.035,sku01592811411952,LZC.PH
EZ.04.035,sku01592811411952,WAR.PH
EZ.04.035,sku01592811411952,ARN.PH
EZ.04.033,sku01593165871929,MPH.21
EZ.04.033,sku01593165871929,WARLG.PH
EZ.04.033,sku01593165871929,WARTT.PH
EZ.04.033,sku01593165871929,WARVK.PH
EZ.04.033,sku01593165871929,BLW.PH
EZ.04.033,sku01593165871929,CPO.PH
EZ.04.033,sku01593165871929,AMZ.PH
EZ.04.033,sku01593165871929,WAR.PH
EZ.04.033,sku01593165871929,LZC.PH
EZ.04.036,sku01594081041967,MPH.23
EZ.04.036,sku01594081041967,MPH.09
EZ.04.036,sku01594081041967,AMZ.PH
EZ.04.036,sku01594081041967,MPH-06
EZ.04.036,sku01594081041967,CPO.PH
EZ.04.036,sku01594081041967,LZC.PH
EZ.04.039,sku01594350055775,BLW.PH
EZ.04.039,sku01594350055775,WAR.PH
EZ.04.039,sku01594350055775,CPO.PH
EZ.04.039,sku01594350055775,AMZ.PH
EZ.04.039,sku01594350055775,ARN.PH
EZ.04.039,sku01594350055775,LZC.PH
EZ.04.044,sku01595644387159,AMZ.PH
EZ.04.044,sku01595644387159,LZC.PH
EZ.04.044,sku01595644387159,WAR.PH
EZ.04.044,sku01595644387159,BLW.PH
EZ.04.044,sku01595644387159,ARN.PH
EZ.04.044,sku01595644387159,CPO.PH
EZ.04.044,sku11595644387165,AMZ.PH
EZ.04.044,sku11595644387165,LZC.PH
EZ.04.044,sku11595644387165,WAR.PH
EZ.04.044,sku11595644387165,BLW.PH
EZ.04.044,sku11595644387165,ARN.PH
EZ.04.044,sku11595644387165,CPO.PH
EZ.04.033,sku11595836531110,MPH.21
EZ.04.033,sku11595836531110,WARLG.PH
EZ.04.033,sku11595836531110,WARTT.PH
EZ.04.033,sku11595836531110,WARVK.PH
EZ.04.033,sku11595836531110,BLW.PH
EZ.04.033,sku11595836531110,CPO.PH
EZ.04.033,sku11595836531110,AMZ.PH
EZ.04.033,sku11595836531110,WAR.PH
EZ.04.033,sku11595836531110,LZC.PH
EZ.04.040,sku01596010958424,LZC.PH
EZ.04.040,sku01596010958424,CPO.PH
EZ.04.040,sku11596010958476,LZC.PH
EZ.04.040,sku11596010958476,CPO.PH
EZ.04.040,sku21596010958495,LZC.PH
EZ.04.040,sku21596010958495,CPO.PH
EZ.04.042,sku01596246559107,AMZ.PH
EZ.04.042,sku01596246559107,LZC.PH
EZ.04.042,sku01596246559107,WAR.PH
EZ.04.042,sku01596246559107,BLW.PH
EZ.04.042,sku01596246559107,CPO.PH
EZ.04.038,sku01596594022809,AMZ.PH
EZ.04.038,sku01596594022809,LZC.PH
EZ.04.038,sku01596594022809,WAR.PH
EZ.04.038,sku01596594022809,BLW.PH
EZ.04.038,sku01596594022809,CPO.PH
EZ.04.037,sku01596594135508,1M.PH
EZ.04.037,sku01596594135508,WAR.PH
EZ.04.037,sku01596594135508,AMZ.PH
EZ.04.037,sku01596594135508,BLW.PH
EZ.04.037,sku01596594135508,LZC.PH
EZ.04.037,sku01596594135508,CPO.PH
EZ.04.037,sku11596594135514,1M.PH
EZ.04.037,sku11596594135514,WAR.PH
EZ.04.037,sku11596594135514,AMZ.PH
EZ.04.037,sku11596594135514,BLW.PH
EZ.04.037,sku11596594135514,LZC.PH
EZ.04.037,sku11596594135514,CPO.PH
EZ.04.047,sku01597111275212,LZC.PH
EZ.04.047,sku01597111275212,CPO.PH
EZ.04.047,sku01597111275212,AMZ.PH
EZ.04.047,sku11597111275231,LZC.PH
EZ.04.047,sku11597111275231,CPO.PH
EZ.04.047,sku11597111275231,AMZ.PH
EZ.04.047,sku21597111275244,LZC.PH
EZ.04.047,sku21597111275244,CPO.PH
EZ.04.047,sku21597111275244,AMZ.PH
EZ.04.045,sku01597112030386,LZC.PH
EZ.04.045,sku01597112030386,ARN.PH
EZ.04.045,sku01597112030386,BLW.PH
EZ.04.045,sku01597112030386,CPO.PH
EZ.04.045,sku01597112030386,AMZ.PH
EZ.04.045,sku01597112030386,WAR.PH
EZ.04.049,sku01597616103827,AMZ.PH
EZ.04.049,sku11597638923048,AMZ.PH
EZ.04.049,sku21597638923055,AMZ.PH
EZ.04.046,sku01597735671719,AMZ.PH
EZ.04.046,sku01597735671719,LZC.PH
EZ.04.046,sku01597735671719,CPO.PH
EZ.04.046,sku01597735671719,BLW.PH
EZ.04.046,sku01597735671719,WAR.PH
EZ.04.051,sku01597889940666,AMZ.PH
EZ.04.051,sku01597889940666,LZC.PH
EZ.04.051,sku01597889940666,CPO.PH
EZ.04.051,sku01597889940666,ARN.PH
EZ.04.051,sku01597889940666,BLW.PH
EZ.04.051,sku01597889940666,WAR.PH
EZ.04.041,sku01598783375219,CPO.PH
EZ.04.041,sku01598783375219,AMZ.PH
EZ.04.041,sku01598783375219,LZC.PH
EZ.04.041,sku01598783375219,WAR.PH
EZ.04.041,sku01598783375219,BLW.PH
EZ.04.041,sku01598783375219,HZT.PH
EZ.04.053,sku01599618670152,WAR.PH
EZ.04.048,sku01600136199536,WAR.PH
EZ.04.050,sku01600248493817,BLW.PH
EZ.04.050,sku01600248493817,LZC.PH
EZ.04.050,sku01600248493817,CPO.PH
EZ.04.041,sku11600309452907,CPO.PH
EZ.04.041,sku11600309452907,AMZ.PH
EZ.04.041,sku11600309452907,LZC.PH
EZ.04.041,sku11600309452907,WAR.PH
EZ.04.041,sku11600309452907,BLW.PH
EZ.04.041,sku11600309452907,HZT.PH
EZ.04.040,sku31600324571728,LZC.PH
EZ.04.040,sku31600324571728,CPO.PH
EZ.04.044,sku21600943148318,AMZ.PH
EZ.04.044,sku21600943148318,LZC.PH
EZ.04.044,sku21600943148318,WAR.PH
EZ.04.044,sku21600943148318,BLW.PH
EZ.04.044,sku21600943148318,ARN.PH
EZ.04.044,sku21600943148318,CPO.PH
EZ.04.052,sku01601624012838,WAR.PH
EZ.04.035,sku11601871762839,CPO.PH
EZ.04.035,sku11601871762839,BLW.PH
EZ.04.035,sku11601871762839,AMZ.PH
EZ.04.035,sku11601871762839,LZC.PH
EZ.04.035,sku11601871762839,WAR.PH
EZ.04.035,sku11601871762839,ARN.PH
EZ.04.047,sku31603073842994,LZC.PH
EZ.04.047,sku31603073842994,CPO.PH
EZ.04.047,sku31603073842994,AMZ.PH
EZ.04.055,sku01605510497328,CPO.PH
EZ.04.054,sku01606367210040,1M.PH
EZ.04.054,sku01606367210040,AMZ.PH
EZ.04.054,sku01606367210040,CPO.PH
EZ.04.054,sku01606367210040,LZC.PH
EZ.04.054,sku01606367210040,WAR.PH
EZ.04.054,sku01606367210040,BLW.PH
EZ.04.054,sku01606367210040,HZT.PH
ARN.01.002,sku01607660680980,ARN06
ARN.01.002,sku01607660680980,ARN-TWB.PH
ARN.01.002,sku01607660680980,ARN-BG.PH
ARN.01.002,sku01607660680980,ARN-BD.PH
ARN.01.002,sku01607660680980,ARN.PH
ARN.01.002,sku01607660680980,BLW.PH
ARN.01.002,sku01607660680980,CPO.PH
ARN.01.002,sku01607660680980,WAR.PH
ARN.01.002,sku01607660680980,HZT.PH
ARN.01.002,sku01607660680980,IPT.PH
ARN.01.002,sku01607660680980,AMZ.PH
ARN.01.002,sku01607660680980,LZC.PH
EZ.04.059,sku01609148969946,LZC.PH
EZ.04.059,sku11609148969952,LZC.PH
EZ.04.059,sku21609148969957,LZC.PH
EZ.04.055,sku11609237866754,CPO.PH
EZ.04.055,sku21609237866765,CPO.PH
EZ.04.033.TH,sku01609836391873,AMZ.TH
EZ.04.033.TH,sku01609836391873,EZT.TH
EZ.04.061,sku01609921538375,WARTT.PH
EZ.04.061,sku01609921538375,WARVK.PH
EZ.04.061,sku01609921538375,WARLG.PH
EZ.04.061,sku01609921538375,WAR.PH
EZ.04.062,sku01610330385925,CPO.PH
EZ.04.062,sku01610330385925,BLW.PH
EZ.04.062,sku01610330385925,AMZ.PH
EZ.04.060,sku01610333157920,ARN06
EZ.04.060,sku01610333157920,ARN-TWB.PH
EZ.04.060,sku01610333157920,ARN-BG.PH
EZ.04.060,sku01610333157920,ARN-BD.PH
EZ.04.060,sku01610333157920,ARN.PH
EZ.04.057,sku01610434097542,LZC.PH
EZ.04.057,sku11610434097546,LZC.PH
EZ.04.057,sku21610434097550,LZC.PH
EZ.04.063,sku01610508325480,AMZ.PH
EZ.04.063,sku11610508325484,AMZ.PH
EZ.04.083,sku01610510429951,BLW.PH
EZ.04.083,sku01610510429951,CPO.PH
EZ.04.083,sku01610510429951,LZC.PH
EZ.04.033.ID,sku01610594008329,MID.08
EZ.04.033.ID,sku01610594008329,MID.04
EZ.04.033.ID,sku01610594008329,MID.02
EZ.04.033.ID,sku01610594008329,MID.01
EZ.04.033.ID,sku01610594008329,CPO.ID
EZ.04.033.ID,sku01610594008329,AMZ.ID
EZ.04.033.ID,sku01610594008329,WAR.ID
EZ.04.058,sku01610616388239,AMZ.PH
EZ.04.058,sku11610616388245,AMZ.PH
EZ.04.058,sku21610616388255,AMZ.PH
EZ.04.058,sku31610616388258,AMZ.PH
EZ.04.058,sku41610616388263,AMZ.PH
EZ.04.058,sku51610616388267,AMZ.PH
EZ.04.058,sku61610616388270,AMZ.PH
QT_001,sku01611211916561,MPH.21
QT_001,sku01611211916561,MPH.07
QT_001,sku01611211916561,MPH.06
QT_001,sku01611211916561,MPH.10
QT_001,sku01611211916561,MPH.09
QT_001,sku01611211916561,MPH.11
QT_001,sku01611211916561,MPH.12
QT_001,sku01611211916561,MPH.03
QT_001,sku01611211916561,MPH.05
QT_001,sku01611211916561,MPH-06
QT_001,sku01611211916561,WARTT.PH
QT_001,sku01611211916561,WARVK.PH
QT_001,sku01611211916561,WARLG.PH
QT_001,sku01611211916561,ARN-TWB.PH
QT_001,sku01611211916561,ARN-BG.PH
QT_001,sku01611211916561,ARN-BD.PH
QT_001,sku01611211916561,ARN.PH
QT_001,sku01611211916561,AMZ.PH
QT_001,sku01611211916561,LZC.PH
QT_001,sku01611211916561,CPO.PH
QT_001,sku01611211916561,WAR.PH
EZ.04.028.TH,sku01611297887254,EZT.TH
EZ.04.083.TH,sku01611818718980,EZT.TH
EZ.04.100,sku01611997070921,EZT.TH
EZ.04.100,sku11611997153049,EZT.TH
EZ.04.056.ID,sku01612254100847,MID.02
EZ.04.056.ID,sku01612254100847,MID.01
EZ.04.056.ID,sku01612254100847,MID.08
EZ.04.056.ID,sku01612254100847,AMZ.ID
EZ.04.056.ID,sku01612254100847,CPO.ID
EZ.04.101,sku01612326128594,EZT.TH
EZ.04.090,sku01612346358683,WAR.PH
EZ.04.102,sku01612589023675,EZT.TH
EZ.04.102,sku11612589023678,EZT.TH
EZ.04.102,sku21612589134732,EZT.TH
EZ.04.103,sku01612593907660,EZT.TH
EZ.04.067,sku01613988470622,WAR.PH
EZ.04.067,sku11613988470639,WAR.PH
EZ.04.067,sku21613988470645,WAR.PH
EZ.04.084,sku01613988499173,WARLG.PH
EZ.04.084,sku01613988499173,WARTT.PH
EZ.04.084,sku01613988499173,WARVK.PH
EZ.04.084,sku01613988499173,WAR.PH
PH04008,sku01614134015745,LZC.PH
EZ.04.050,sku11614249146828,BLW.PH
EZ.04.050,sku11614249146828,LZC.PH
EZ.04.050,sku11614249146828,CPO.PH
EZ.04.050,sku21614249146834,BLW.PH
EZ.04.050,sku21614249146834,LZC.PH
EZ.04.050,sku21614249146834,CPO.PH
EZ.04.033,sku21614249836555,MPH.21
EZ.04.033,sku21614249836555,WARLG.PH
EZ.04.033,sku21614249836555,WARTT.PH
EZ.04.033,sku21614249836555,WARVK.PH
EZ.04.033,sku21614249836555,BLW.PH
EZ.04.033,sku21614249836555,CPO.PH
EZ.04.033,sku21614249836555,AMZ.PH
EZ.04.033,sku21614249836555,WAR.PH
EZ.04.033,sku21614249836555,LZC.PH
EZ.04.107,sku01614513842944,LZC.PH
EZ.04.107,sku01614513842944,CPO.PH
EZ.04.107,sku01614513842944,AMZ.PH
EZ.04.107,sku11614513842951,LZC.PH
EZ.04.107,sku11614513842951,CPO.PH
EZ.04.107,sku11614513842951,AMZ.PH
EZ.04.073,sku01614592900367,MPH.12
EZ.04.073,sku01614592900367,MPH.11
EZ.04.073,sku01614592900367,MPH.10
EZ.04.049.ID,sku01614754916673,AMZ.ID
EZ.04.049.ID,sku11614754916790,AMZ.ID
EZ.04.091,sku01614840675888,CPO.PH
EZ.04.091,sku01614840675888,AMZ.PH
EZ.04.094,sku01614941102237,CPO.PH
EZ.04.032.TH,sku01615020049486,EZT.TH
EZ.04.064,sku01615024058916,EZT.TH
EZ.04.015.TH,sku01615103034009,AMZ.TH
EZ.04.015.TH,sku01615103034009,EZT.TH
EZ.04.015.TH,sku01615103034009,LZC.TH
EZ.04.015.TH,sku11615103034305,AMZ.TH
EZ.04.015.TH,sku11615103034305,EZT.TH
EZ.04.015.TH,sku11615103034305,LZC.TH
EZ.04.015.TH,sku21615103034897,AMZ.TH
EZ.04.015.TH,sku21615103034897,EZT.TH
EZ.04.015.TH,sku21615103034897,LZC.TH
EZ.04.015.TH,sku31615103034935,AMZ.TH
EZ.04.015.TH,sku31615103034935,EZT.TH
EZ.04.015.TH,sku31615103034935,LZC.TH
EZ.04.015.TH,sku41615103034963,AMZ.TH
EZ.04.015.TH,sku41615103034963,EZT.TH
EZ.04.015.TH,sku41615103034963,LZC.TH
EZ.04.104,sku01615194153441,EZT.TH
EZ.04.065,sku01615256479529,EZT.TH
EZ.04.082,sku01615256692749,MPH.12
EZ.04.082,sku01615256692749,MPH.11
EZ.04.082,sku01615256692749,MPH.10
EZ.04.066,sku01615259997900,EZT.TH
EZ.04.015.TH,sku51615278268440,AMZ.TH
EZ.04.015.TH,sku51615278268440,EZT.TH
EZ.04.015.TH,sku51615278268440,LZC.TH
EZ.04.023.TH,sku01615343153519,EZT.TH
EZ.04.023.TH,sku01615343153519,LZC.TH
EZ.04.023.TH,sku11615343153527,EZT.TH
EZ.04.023.TH,sku11615343153527,LZC.TH
EZ.04.112,sku01615358869434,ARN.TH
EZ.04.059.TH,sku01615360666880,ARN.TH
EZ.04.059.TH,sku11615360666899,ARN.TH
EZ.04.068,sku01615519238269,EZT.TH
EZ.04.073,sku11615522023364,MPH.12
EZ.04.073,sku11615522023364,MPH.11
EZ.04.073,sku11615522023364,MPH.10
EZ.04.073,sku21615522023372,MPH.12
EZ.04.073,sku21615522023372,MPH.11
EZ.04.073,sku21615522023372,MPH.10
EZ.04.073,sku31615522023383,MPH.12
EZ.04.073,sku31615522023383,MPH.11
EZ.04.073,sku31615522023383,MPH.10
EZ.04.073,sku41615522023395,MPH.12
EZ.04.073,sku41615522023395,MPH.11
EZ.04.073,sku41615522023395,MPH.10
EZ.04.069,sku01615524090151,EZT.TH
EZ.04.069,sku01615524090151,LZC.TH
EZ.04.069,sku11615524368585,EZT.TH
EZ.04.069,sku11615524368585,LZC.TH
EZ.04.069,sku21615524368593,EZT.TH
EZ.04.069,sku21615524368593,LZC.TH
EZ.04.069,sku31615524368600,EZT.TH
EZ.04.069,sku31615524368600,LZC.TH
EZ.04.070,sku01615524765136,EZT.TH
EZ.04.071,sku01615609523813,EZT.TH
EZ.04.086,sku01615617414891,LZC.PH
EZ.04.086,sku01615617414891,CPO.PH
EZ.04.087,sku01615618389816,CPO.PH
EZ.04.072,sku01615621051582,EZT.TH
EZ.04.050.TH,sku01615687130169,EZT.TH
EZ.04.092,sku01615791799794,LZC.PH
EZ.04.092,sku01615791799794,CPO.PH
EZ.04.092,sku01615791799794,AMZ.PH
EZ.04.092,sku11615803021727,LZC.PH
EZ.04.092,sku11615803021727,CPO.PH
EZ.04.092,sku11615803021727,AMZ.PH
EZ.04.092,sku21615803021735,LZC.PH
EZ.04.092,sku21615803021735,CPO.PH
EZ.04.092,sku21615803021735,AMZ.PH
PH05002,sku01615859658362,LZC.PH
EZ.04.106,sku01615861449607,MPH.21
EZ.04.074,sku01615951415940,ARN.TH
EZ.04.074,sku11615951415947,ARN.TH
EZ.04.074,sku21615951415952,ARN.TH
EZ.04.074,sku31615951415958,ARN.TH
EZ.04.075,sku01615956547536,EZT.TH
EZ.04.082.ID,sku01615976930343,CPO.ID
PH09023,sku01616034519750,ARN06
PH09023,sku01616034519750,ARN-TWB.PH
PH09023,sku01616034519750,ARN-BD.PH
PH09023,sku01616034519750,ARN-BG.PH
PH09023,sku01616034519750,ARN.PH
ID05007,sku01616038528425,CPO.ID
EZ.04.076,sku01616052655858,MTH.15
EZ.04.076,sku01616052655858,MTH.13
EZ.04.076,sku01616052655858,CPO.TH
EZ.04.076,sku01616052655858,AMZ.TH
EZ.04.076,sku01616052655858,LZC.TH
EZ.04.076,sku01616052655858,EZT.TH
EZ.04.076,sku11616052655862,MTH.15
EZ.04.076,sku11616052655862,MTH.13
EZ.04.076,sku11616052655862,CPO.TH
EZ.04.076,sku11616052655862,AMZ.TH
EZ.04.076,sku11616052655862,LZC.TH
EZ.04.076,sku11616052655862,EZT.TH
EZ.04.076,sku21616052655867,MTH.15
EZ.04.076,sku21616052655867,MTH.13
EZ.04.076,sku21616052655867,CPO.TH
EZ.04.076,sku21616052655867,AMZ.TH
EZ.04.076,sku21616052655867,LZC.TH
EZ.04.076,sku21616052655867,EZT.TH
EZ.04.076,sku31616052655878,MTH.15
EZ.04.076,sku31616052655878,MTH.13
EZ.04.076,sku31616052655878,CPO.TH
EZ.04.076,sku31616052655878,AMZ.TH
EZ.04.076,sku31616052655878,LZC.TH
EZ.04.076,sku31616052655878,EZT.TH
EZ.04.077,sku01616062575529,ARN.TH
EZ.04.077,sku11616062575533,ARN.TH
EZ.04.077,sku21616062575540,ARN.TH
EZ.04.077,sku31616062575544,ARN.TH
EZ.04.077,sku41616062575548,ARN.TH
EZ.04.078,sku01616064077161,ARN.TH
EZ.04.078,sku11616064077165,ARN.TH
EZ.04.078,sku21616064077169,ARN.TH
EZ.04.105,sku01616120811797,LZC.PH
EZ.04.105,sku01616120811797,HZT.PH
EZ.04.105,sku01616120811797,CPO.PH
EZ.04.105,sku01616120811797,AMZ.PH
EZ.04.079,sku01616209042993,LZC.TH
EZ.04.079,sku01616209042993,EZT.TH
EZ.04.079,sku11616209042997,LZC.TH
EZ.04.079,sku11616209042997,EZT.TH
EZ.04.080,sku01616223660063,ARN.TH
VL.04.003.TH,sku01616470106752,EZT.TH
VL.04.003.TH,sku11616470106767,EZT.TH
VL.04.003.TH,sku21616470106774,EZT.TH
VL.04.003.TH,sku31616470106781,EZT.TH
PH05005,sku01616641452492,AMZ.PH
EZ.04.085,sku01617004787148,LZC.TH
EZ.04.085,sku01617004787148,EZT.TH
EZ.04.085,sku11617004885172,LZC.TH
EZ.04.085,sku11617004885172,EZT.TH
EZ.04.085,sku21617004885176,LZC.TH
EZ.04.085,sku21617004885176,EZT.TH
EZ.04.085,sku31617004885182,LZC.TH
EZ.04.085,sku31617004885182,EZT.TH
EZ.04.085,sku41617004885185,LZC.TH
EZ.04.085,sku41617004885185,EZT.TH
PH02011,sku01617009596754,MPH.21
PH02011,sku01617009596754,ARN06
PH02011,sku01617009596754,ARN-TWB.PH
PH02011,sku01617009596754,ARN-BG.PH
PH02011,sku01617009596754,ARN-BD.PH
PH02011,sku01617009596754,WAR.PH
PH02011,sku01617009596754,BLW.PH
PH02011,sku01617009596754,LZC.PH
PH02011,sku01617009596754,CPO.PH
PH02011,sku01617009596754,AMZ.PH
PH02011,sku01617009596754,ARN.PH
PH02011,sku11617009596759,MPH.21
PH02011,sku11617009596759,ARN06
PH02011,sku11617009596759,ARN-TWB.PH
PH02011,sku11617009596759,ARN-BG.PH
PH02011,sku11617009596759,ARN-BD.PH
PH02011,sku11617009596759,WAR.PH
PH02011,sku11617009596759,BLW.PH
PH02011,sku11617009596759,LZC.PH
PH02011,sku11617009596759,CPO.PH
PH02011,sku11617009596759,AMZ.PH
PH02011,sku11617009596759,ARN.PH
EZ.04.108,sku01617088510882,BLW.PH
EZ.04.108,sku01617088510882,CPO.PH
EZ.04.108,sku01617088510882,LZC.PH
PH09009,sku01617264987881,ARN.PH
PH09009,sku01617264987881,ARN06
PH09009,sku01617264987881,ARN-TWB.PH
PH09009,sku01617264987881,ARN-BG.PH
PH09009,sku01617264987881,ARN-BD.PH
PH09009,sku01617264987881,ARN-AG.PH
EZ.04.015,sku41617329415902,IPT.PH
EZ.04.015,sku41617329415902,LZC.PH
EZ.04.015,sku41617329415902,CPO.PH
EZ.04.015,sku41617329415902,AMZ.PH
EZ.04.015,sku41617329415902,WAR.PH
EZ.04.015,sku41617329415902,ARN.PH
EZ.04.015,sku41617329415902,BLW.PH
EZ.04.111,sku01617334577002,LZC.PH
EZ.04.111,sku11617334577007,LZC.PH
EZ.04.088,sku01617349009388,AMZ.TH
EZ.04.088,sku01617349009388,CPO.TH
EZ.04.088,sku01617349009388,DPN.TH
EZ.04.089,sku01617355555763,EZT.TH
ID05001,sku01617576505823,MID.02
ID05001,sku01617576505823,MID.01
ID05001,sku01617576505823,MID.08
ID05001,sku01617576505823,MID.04
ID05001,sku01617576505823,WAR.ID
ID05001,sku01617576505823,CPO.ID
ID05001,sku01617576505823,AMZ.ID
ID05001,sku11617576505837,MID.02
ID05001,sku11617576505837,MID.01
ID05001,sku11617576505837,MID.08
ID05001,sku11617576505837,MID.04
ID05001,sku11617576505837,WAR.ID
ID05001,sku11617576505837,CPO.ID
ID05001,sku11617576505837,AMZ.ID
PH05004,sku01617681197620,WAR.PH
EZ.04.093,sku01617766443024,MPH.07
EZ.04.093,sku01617766443024,MPH.06
EZ.04.105.TH,sku01617871561059,MTH.13
EZ.04.105.TH,sku01617871561059,MTH.15
EZ.04.105.TH,sku01617871561059,CPO.TH
EZ.04.105.TH,sku01617871561059,LZC.TH
EZ.04.105.TH,sku01617871561059,EZT.TH
PH05010,sku01617959599409,CPO.PH
PH05010,sku01617959599409,BLW.PH
PH05010,sku01617959599409,AMZ.PH
PH03014,sku01618194721478,HZT.PH
PH03014,sku11618194721487,HZT.PH
EZ.04.095,sku01618313031462,DPN.TH
ID03005,sku01618454651793,CPO.ID
ID03005,sku01618454651793,IPT.ID
PH05003,sku01618455059248,LZC.PH
PH05003,sku01618455059248,CPO.PH
EZ.04.097,sku01618462399879,LZC.TH
ID05006,sku01618634871821,IPT.ID
EZ.04.099,sku01618635900306,DPN.TH
ID02008,sku01618636250960,AMZ.ID
ID02008,sku11618636250975,AMZ.ID
ID02008,sku21618636250988,AMZ.ID
EZ.04.109,sku01618736944765,ARN.TH
EZ.04.110,sku01618737774346,LZC.TH
EZ.04.105,sku11618743346336,LZC.PH
EZ.04.105,sku11618743346336,HZT.PH
EZ.04.105,sku11618743346336,CPO.PH
EZ.04.105,sku11618743346336,AMZ.PH
PH09012,sku01618803600474,WAR.PH
EZ.04.096.TH,sku01619149492471,LZC.TH
PH09006,sku01619361129939,WARLG.PH
PH09006,sku01619361129939,WARVK.PH
PH09006,sku01619361129939,WARTT.PH
PH09006,sku01619361129939,WAR.PH
TH05001,sku01619403631312,DPN.TH
PH06001,sku01619409320873,1M.PH
PH06001,sku01619409320873,LZC.PH
PH06001,sku01619409320873,CPO.PH
PH06001,sku01619409320873,AMZ.PH
PH06001,sku01619409320873,BLW.PH
ID06002,sku01619512358202,MID.04
ID06002,sku01619512358202,MID.02
ID06002,sku01619512358202,MID.01
ID06002,sku01619512358202,WAR.ID
ID06002,sku01619512358202,CPO.ID
ID09003,sku01619512795060,CPO.ID
ID09004,sku01619513226866,CPO.ID
EZ.04.109,sku11619583430473,ARN.TH
EZ.04.109,sku21619583430489,ARN.TH
EZ.04.109,sku31619583430497,ARN.TH
TH06002,sku01619965372753,DPN.TH
TH05003,sku01619965596034,MTH.15
TH05003,sku01619965596034,MTH.13
TH05003,sku01619965596034,CPO.TH
TH05003,sku01619965596034,DPN.TH
PH05013,sku01619973225767,CPO.PH
PH05013,sku01619973225767,WAR.PH
EZ.04.109,sku41620099429793,ARN.TH
EZ.04.109,sku51620099429796,ARN.TH
EZ.04.109,sku61620099429798,ARN.TH
EZ.04.109,sku71620099429801,ARN.TH
EZ.04.109,sku81620099429803,ARN.TH
EZ.04.109,sku91620099429805,ARN.TH
EZ.04.109,sku101620099429807,ARN.TH
EZ.04.109,sku111620099429808,ARN.TH
EZ.04.109,sku121620099429810,ARN.TH
EZ.04.109,sku131620099429812,ARN.TH
EZ.04.109,sku141620099429814,ARN.TH
EZ.04.109,sku151620099429816,ARN.TH
EZ.04.109,sku161620099429818,ARN.TH
EZ.04.109,sku171620099429820,ARN.TH
EZ.04.109,sku181620099429822,ARN.TH
PH05020,sku01620186052636,MPH.26
PH05020,sku01620186052636,BLW.PH
ID09009,sku01620187966933,CPO.ID
ID09011,sku01620199329110,MID.04
ID09011,sku01620199329110,MID.08
ID09011,sku01620199329110,MID.02
ID09011,sku01620199329110,MID.01
ID09011,sku01620199329110,CPO.ID
ID09011,sku01620199329110,AMZ.ID
ID09011,sku01620199329110,WAR.ID
TH05004,sku01620268894394,LZC.TH
PH05018,sku01620298412637,MPH.12
PH05018,sku01620298412637,MPH.11
PH05018,sku01620298412637,MPH.10
PH05017,sku01620376360999,WAR.PH
ID03010,sku01620384077590,AMZ.ID
PH05019,sku01620700386966,CPO.PH
PH05019,sku01620700386966,BLW.PH
PH06024,sku01620789900462,AMZ.PH
TEZ.04.291,sku01620790172561,AMZ.ID
PH09006,sku11620875364318,WARLG.PH
PH09006,sku11620875364318,WARVK.PH
PH09006,sku11620875364318,WARTT.PH
PH09006,sku11620875364318,WAR.PH
TH05005,sku01620880544829,LZC.TH
TH05006,sku01620963706673,LZC.TH
PH09015,sku01621043422562,MPH.11
PH09015,sku01621043422562,MPH.12
PH09015,sku01621043422562,MPH.10
PH05078,sku01621047398501,MPH.06
PH05078,sku11621047398515,MPH.06
PH05078,sku21621047398526,MPH.06
PH05078,sku31621047398538,MPH.06
PH05078,sku41621047398567,MPH.06
PH05078,sku51621047398590,MPH.06
TH03007,sku01621055454202,BWL.TH
TH03007,sku11621055542835,BWL.TH
TH03007,sku21621055542854,BWL.TH
ID06012,sku01621149759754,MID.08
ID06012,sku01621149759754,AMZ.ID
EZ.04.096.TH,sku11621226100768,LZC.TH
ID03023,sku01621315716083,MID.08
ID03023,sku01621315716083,AMZ.ID
ID03023,sku11621321578272,MID.08
ID03023,sku11621321578272,AMZ.ID
ID03023,sku21621321578300,MID.08
ID03023,sku21621321578300,AMZ.ID
ID03023,sku31621321578329,MID.08
ID03023,sku31621321578329,AMZ.ID
PH06021,sku01621496235839,WAR.PH
PH06021,sku11621496235851,WAR.PH
PH06034,sku01621572915437,LZC.PH
PH06034,sku11621572915456,LZC.PH
ID06022,sku01621676636681,MID.04
ID06022,sku01621676636681,MID.02
ID06022,sku01621676636681,MID.01
ID06022,sku01621676636681,CPO.ID
ID06022,sku01621676636681,WAR.ID
PH09016,sku01621918750864,WAR.PH
TH05008,sku01621997141167,LZC.TH
TH06009,sku01622091046652,LZC.TH
TH05008,sku11622629068077,LZC.TH
EZ.04.106,sku11622793040057,MPH.21
EZ.04.106,sku21622793040092,MPH.21
EZ.04.106,sku31622793040140,MPH.21
PH06027,sku01622948066424,CPO.PH
PH06027,sku11622948066441,CPO.PH
PH05013,sku11622979944201,CPO.PH
PH05013,sku11622979944201,WAR.PH
ID06021,sku01622983396330,MID.04
ID06021,sku01622983396330,WAR.ID
PH05029,sku01623119792929,MPH.23
PH05029,sku11623119792944,MPH.23
PH05029,sku21623119792959,MPH.23
PH05028,sku01623204896244,CPO.PH
ID05014,sku01623228359614,ARN.ID
ID04016,sku01623552946367,CPO.ID
PH05040,sku01623644021831,LZC.PH
ID01015,sku01623647058667,MID.04
ID01015,sku01623647058667,MID.08
ID01015,sku01623647058667,AMZ.ID
ID01015,sku01623647058667,WAR.ID
ID01015,sku11623653580307,MID.04
ID01015,sku11623653580307,MID.08
ID01015,sku11623653580307,AMZ.ID
ID01015,sku11623653580307,WAR.ID
ID01015,sku21623653580336,MID.04
ID01015,sku21623653580336,MID.08
ID01015,sku21623653580336,AMZ.ID
ID01015,sku21623653580336,WAR.ID
ID01015,sku31623653580356,MID.04
ID01015,sku31623653580356,MID.08
ID01015,sku31623653580356,AMZ.ID
ID01015,sku31623653580356,WAR.ID
ID01015,sku41623653580373,MID.04
ID01015,sku41623653580373,MID.08
ID01015,sku41623653580373,AMZ.ID
ID01015,sku41623653580373,WAR.ID
PH05025,sku01623672117927,CPO.PH
TH05010,sku01624069129027,LZC.TH
PH09083,sku01635241397979,MPH.07
PH09083,sku01635241397979,MPH.06
PH02030,sku01624452419272,WAR.PH
PH02030,sku11624452419284,WAR.PH
ID04017,sku01624525670021,MID.04
ID04017,sku01624525670021,WAR.ID
ID06026,sku01624590678825,ARN.ID
PH09022,sku01624846473812,ARN06
PH09022,sku01624846473812,ARN-TWB.PH
PH09022,sku01624846473812,ARN-BG.PH
PH09022,sku01624846473812,ARN-BD.PH
PH09022,sku01624846473812,ARN.PH
PH09023,sku11624846542122,ARN06
PH09023,sku11624846542122,ARN-TWB.PH
PH09023,sku11624846542122,ARN-BD.PH
PH09023,sku11624846542122,ARN-BG.PH
PH09023,sku11624846542122,ARN.PH
ID05013,sku01624962114984,ARN.ID
TH02012,sku01624972750466,LZC.TH
TH02012,sku11624972750470,LZC.TH
TH02012,sku21624972750474,LZC.TH
ID04018,sku01625038895957,MID.08
ID04018,sku01625038895957,MID.02
ID04018,sku01625038895957,MID.01
ID04018,sku01625038895957,AMZ.ID
ID04018,sku01625038895957,CPO.ID
EZ.04.052,sku11625056418653,WAR.PH
EZ.04.082,sku11625056605475,MPH.12
EZ.04.082,sku11625056605475,MPH.11
EZ.04.082,sku11625056605475,MPH.10
PH05026,sku01625219658525,ARN06
PH05026,sku01625219658525,ARN-TWB.PH
PH05026,sku01625219658525,ARN-BG.PH
PH05026,sku01625219658525,ARN-BD.PH
PH05026,sku01625219658525,ARN.PH
PH09032,sku01625273461114,MPH.07
PH09032,sku01625273461114,MPH.06
TH05013,sku01625291247393,DPN.TH
TH02014,sku01625472995179,LZC.TH
TH02014,sku11625472995196,LZC.TH
TH02014,sku21625472995208,LZC.TH
TH02014,sku31625472995212,LZC.TH
ID06020,sku01625556823302,MID.04
ID06020,sku01625556823302,MID.08
ID06020,sku01625556823302,AMZ.ID
ID06020,sku01625556823302,WAR.ID
ID06020,sku01625556823302,BLW.ID
ID06028,sku01625907376749,MID.04
ID06028,sku01625907376749,WAR.ID
ID06028,sku11625907376761,MID.04
ID06028,sku11625907376761,WAR.ID
ID06028,sku21625907376767,MID.04
ID06028,sku21625907376767,WAR.ID
ID06028,sku31625908706585,MID.04
ID06028,sku31625908706585,WAR.ID
ID06028,sku41625908706597,MID.04
ID06028,sku41625908706597,WAR.ID
ID06028,sku51625908706617,MID.04
ID06028,sku51625908706617,WAR.ID
PH02042,sku01626167983050,LZC.PH
PH02042,sku11626167983063,LZC.PH
PH02042,sku21626167983068,LZC.PH
PH02042,sku31626167983073,LZC.PH
ID05035,sku01626235342538,MID.04
ID05035,sku01626235342538,MID.08
ID05035,sku01626235342538,MID.02
ID05035,sku01626235342538,MID.01
ID05035,sku01626235342538,CPO.ID
ID05035,sku01626235342538,AMZ.ID
ID05035,sku01626235342538,WAR.ID
ID05035,sku01626235342538,ARN.ID
ID05033,sku01626328792389,IPT.ID
TH05013,sku11626517919313,DPN.TH
TH09015,sku01626583314630,DPN.TH
ID03019,sku01626596590268,MID.04
ID03019,sku01626596590268,MID.08
ID03019,sku01626596590268,WAR.ID
ID03019,sku01626596590268,AMZ.ID
ID03019,sku01626596590268,BLW.ID
PH04061,sku01626665120316,ARN06
PH04061,sku01626665120316,ARN-TWB.PH
PH04061,sku01626665120316,ARN-BG.PH
PH04061,sku01626665120316,ARN-BD.PH
PH04061,sku01626665120316,ARN.PH
PH05031,sku01626678604033,ARN06
PH05031,sku01626678604033,ARN-TWB.PH
PH05031,sku01626678604033,ARN-BG.PH
PH05031,sku01626678604033,ARN-BD.PH
PH05031,sku01626678604033,ARN.PH
ID01034,sku01626697175224,MID.08
ID01034,sku01626697175224,MID.04
ID01034,sku01626697175224,MID.02
ID01034,sku01626697175224,MID.01
ID01034,sku01626697175224,CPO.ID
ID01034,sku01626697175224,AMZ.ID
ID01034,sku01626697175224,WAR.ID
ID01034,sku11626697175229,MID.08
ID01034,sku11626697175229,MID.04
ID01034,sku11626697175229,MID.02
ID01034,sku11626697175229,MID.01
ID01034,sku11626697175229,CPO.ID
ID01034,sku11626697175229,AMZ.ID
ID01034,sku11626697175229,WAR.ID
ID01034,sku21626697175235,MID.08
ID01034,sku21626697175235,MID.04
ID01034,sku21626697175235,MID.02
ID01034,sku21626697175235,MID.01
ID01034,sku21626697175235,CPO.ID
ID01034,sku21626697175235,AMZ.ID
ID01034,sku21626697175235,WAR.ID
PH09054,sku01626857755547,MPH.07
PH09054,sku01626857755547,MPH.06
PH09054,sku01626857755547,MPH.23
PH09039,sku01627289621862,TVH.PH
PH09033,sku01627290048608,TVH.PH
PH05041,sku01627290304008,TVH.PH
TH05016,sku01627701870457,AMZ.TH
TH05016,sku01627701870457,DPN.TH
PH04065,sku01627704064259,ARN06
PH04065,sku01627704064259,ARN-TWB.PH
PH04065,sku01627704064259,ARN-BD.PH
PH04065,sku01627704064259,ARN-BG.PH
PH04065,sku01627704064259,ARN.PH
ID04018,sku11627735572586,MID.08
ID04018,sku11627735572586,MID.02
ID04018,sku11627735572586,MID.01
ID04018,sku11627735572586,AMZ.ID
ID04018,sku11627735572586,CPO.ID
ID04018,sku21627735572593,MID.08
ID04018,sku21627735572593,MID.02
ID04018,sku21627735572593,MID.01
ID04018,sku21627735572593,AMZ.ID
ID04018,sku21627735572593,CPO.ID
ID04018,sku31627735572599,MID.08
ID04018,sku31627735572599,MID.02
ID04018,sku31627735572599,MID.01
ID04018,sku31627735572599,AMZ.ID
ID04018,sku31627735572599,CPO.ID
ID04018,sku41627735572604,MID.08
ID04018,sku41627735572604,MID.02
ID04018,sku41627735572604,MID.01
ID04018,sku41627735572604,AMZ.ID
ID04018,sku41627735572604,CPO.ID
TH07017,sku01627894027205,DPN.TH
TH05018,sku31628303258001,DPN.TH
PH03044,sku01628563512115,MPH.21
PH03044,sku01628563512115,MPH.11
PH03044,sku01628563512115,MPH.12
PH03044,sku01628563512115,MPH.03
PH03044,sku01628563512115,MPH.05
PH03044,sku01628563512115,MPH-06
PH03044,sku01628563512115,MPH.09
PH03044,sku01628563512115,MPH.07
PH03044,sku01628563512115,MPH.06
PH03044,sku01628563512115,MPH.10
PH03044,sku01628563512115,CPO.PH
PH03044,sku01628563512115,LZC.PH
PH03044,sku01628563512115,TPG.PH
QT_002,sku01628565237399,MPH.07
ID09024,sku01628669465921,TVH.ID
ID09025,sku01628669558331,TVH.ID
TH03019,sku01628828475010,DPN.TH
TH03019,sku11628828475026,DPN.TH
ID06021,sku11628841551336,MID.04
ID06021,sku11628841551336,WAR.ID
ID06022,sku11629105882287,MID.04
ID06022,sku11629105882287,MID.02
ID06022,sku11629105882287,MID.01
ID06022,sku11629105882287,CPO.ID
ID06022,sku11629105882287,WAR.ID
TH05020,sku01629188992295,DPN.TH
TH05021,sku01629254511679,DPN.TH
PH09043,sku01629275533780,TVH.PH
ID09030,sku01629430073247,AMZ.ID
ID09030,sku01629430073247,CPO.ID
ID09030,sku11629430073254,AMZ.ID
ID09030,sku11629430073254,CPO.ID
PH09077,sku01629785309447,LZC.PH
PH09045,sku01629796268044,TVH.PH
PH10046,sku01629797235801,TVH.PH
PH04047,sku01629797391629,TVH.PH
PH09048,sku01629797691147,TVH.PH
PH09049,sku01629798119699,TVH.PH
PH09051,sku01629798779758,TVH.PH
PH09050,sku01629799143629,TVH.PH
PH09052,sku01629799257479,TVH.PH
PH09053,sku01629799586351,TVH.PH
PH06058,sku01629952511456,MPH.21
PH09059,sku01629993096855,CPO.PH
PH09059,sku11629993096868,CPO.PH
ID03027,sku01630045640148,TVH.ID
PH05066,sku01630215908946,BLW.PH
PH05066,sku01630215908946,CPO.PH
PH05066,sku01630215908946,1M.PH
PH09057,sku01630295737245,MPH.07
PH09057,sku01630295737245,MPH.06
ID06026,sku11630385448907,ARN.ID
ID06026,sku21630385448912,ARN.ID
TEZ.04.503,sku01630408778167,TPG.PH
TEZ.04.504,sku01630475737802,TPG.PH
PH05055,sku01630490990068,TVH.PH
TEZ.04.506,sku01630554532710,TPG.PH
TEZ.04.506,sku11630554532738,TPG.PH
TEZ.04.506,sku21630554532749,TPG.PH
TEZ.04.507,sku01630586297936,TPG.PH
PH05056,sku01630725576129,LZC.PH
ID09029,sku01630740970484,TVH.ID
PH04060,sku01630766466568,TVH.PH
TEZ.04.510,sku01630811360407,TPG.PH
TH05022,sku01630901510044,CPO.TH
TH05022,sku01630901510044,AMZ.TH
TH05022,sku01630901510044,DPN.TH
TEZ.04.511,sku01630919873775,CPO.PH
TEZ.04.512,sku01630986423698,BLW.PH
TEZ.04.513,sku01630997009748,WAR.PH
PH09072,sku01631079199696,MPH.21
TEZ.04.514,sku01631083652646,TPG.PH
PH09061,sku01631089391697,TVH.PH
PH09062,sku01631089781770,TVH.PH
ID01034,sku31631091032482,MID.08
ID01034,sku31631091032482,MID.04
ID01034,sku31631091032482,MID.02
ID01034,sku31631091032482,MID.01
ID01034,sku31631091032482,CPO.ID
ID01034,sku31631091032482,AMZ.ID
ID01034,sku31631091032482,WAR.ID
PH03063,sku01631094371451,TVH.PH
PH09064,sku01631097904819,TVH.PH
TEZ.04.520,sku01631168892384,AMZ.PH
TEZ.04.520,sku11631168892416,AMZ.PH
TEZ.04.520,sku21631168892428,AMZ.PH
TEZ.04.520,sku31631168892442,AMZ.PH
ID09031,sku01631172064260,TVH.ID
ID09032,sku01631172210790,TVH.ID
TEZ.04.521,sku01631249187667,LZC.PH
TEZ.04.522,sku01631333299801,TPG.PH
TEZ.04.523,sku01631348190760,LZC.PH
TEZ.04.524,sku01631413367157,LZC.PH
PH02067,sku01631498786289,TVH.PH
PH02067,sku11631498786307,TVH.PH
TEZ.04.526,sku01631586133400,LZC.PH
TEZ.04.527,sku01631611487119,TPG.PH
TEZ.04.529,sku01631627382676,LZC.PH
TEZ.04.529,sku11631627382682,LZC.PH
PH02068,sku01631674152423,LZC.PH
PH02068,sku11631674152441,LZC.PH
PH02068,sku21631674152448,LZC.PH
TH05023,sku01631678278594,DPN.TH
PH04069,sku01631692897621,TVH.PH
PH05070,sku01631759906374,LZC.PH
PH09074,sku01631798770700,MPH.07
PH09074,sku01631798770700,MPH.06
PH09074,sku01631798770700,MPH.05
PH09071,sku01631847530357,TVH.PH
EZ.04.027,sku11631881888004,LZC.PH
EZ.04.027,sku11631881888004,WAR.PH
EZ.04.027,sku11631881888004,BLW.PH
EZ.04.027,sku11631881888004,CPO.PH
EZ.04.027,sku11631881888004,AMZ.PH
PH09076,sku01631939338317,TVH.PH
TEZ.04.536,sku01631942849578,WAR.PH
PH04075,sku01631950795818,CPO.PH
PH04075,sku01631950795818,LZC.PH
PH02073,sku01631979054613,LZC.PH
PH02073,sku11631979054626,LZC.PH
PH02073,sku21631979054633,LZC.PH
PH02073,sku31631979054640,LZC.PH
TEZ.04.539,sku01632107907459,LZC.PH
TEZ.04.540,sku01632108022123,LZC.PH
TEZ.04.539,sku11632113206522,LZC.PH
TEZ.04.539,sku21632113206537,LZC.PH
TH05020,sku11632113814596,DPN.TH
TH05020,sku21632113814635,DPN.TH
TEZ.04.541,sku01632284435776,TVH.PH
TH05024,sku01632294176434,DPN.TH
TEZ.04.542,sku01632631580304,LZC.PH
PH05094,sku01632729613004,MPH.12
PH05094,sku01632729613004,MPH.09
PH05094,sku01632729613004,LZC.PH
PH05079,sku01632737121167,LZC.PH
TEZ.04.545,sku01632798379835,LZC.PH
TEZ.04.546,sku01632807031828,LZC.PH
TEZ.04.547,sku01632838634981,LZC.PH
PH02080,sku01632881779632,LZC.PH
PH02080,sku11632881779652,LZC.PH
PH02080,sku21632881779659,LZC.PH
TEZ.04.549,sku01632977630621,NTN.PH
TEZ.04.550,sku01632978385688,NTN.PH
TEZ.04.551,sku01633017305193,LZC.PH
TEZ.04.552,sku01633242970811,AMZ.PH
TEZ.04.552,sku11633242970829,AMZ.PH
TEZ.04.553,sku01633415726952,AMZ.PH
TEZ.04.553,sku11633415726997,AMZ.PH
TEZ.04.553,sku21633415727017,AMZ.PH
TEZ.04.554,sku01634091355478,ARN-BD.PH
PH06081,sku01634129221548,BLW.PH
TEZ.04.556,sku01634270132711,CPO.PH
TEZ.04.556,sku11634270132735,CPO.PH
TEZ.04.556,sku21634270132744,CPO.PH
TEZ.04.557,sku01634351088956,ARN-TWB.PH
TEZ.04.558,sku01634374810195,TVH.PH
PH09082,sku01634618042792,WARLG.PH
PH09082,sku01634618042792,WARTT.PH
PH09082,sku01634618042792,WARVK.PH
PH09082,sku01634618042792,WAR.PH
ID09036,sku01634657975711,TVH.ID
PH09085,sku01635145474221,TVH.PH
ID05037,sku01635321600777,AMZ.ID
ID05037,sku01635321600777,CPO.ID
PH09084,sku01635492868906,TVH.PH
PH09086,sku01637749074202,TVH.PH
PH02087,sku01637915906944,LZC.PH
PH02087,sku11637915906980,LZC.PH
PH01088,sku01638329497890,LZC.PH
PH01088,sku11638329497924,LZC.PH
PH01088,sku21638329497929,LZC.PH
PH01088,sku31638329497934,LZC.PH
ID04018,sku101638343166582,MID.08
ID04018,sku101638343166582,MID.02
ID04018,sku101638343166582,MID.01
ID04018,sku101638343166582,AMZ.ID
ID04018,sku101638343166582,CPO.ID
PH09112,sku01638411076997,TVH.PH
TEZ.04.571,sku01638600075935,AMZ.ID
TEZ.04.572,sku01638935339640,AMZ.ID
TEZ.04.573,sku01639377703051,CPO.PH
TEZ.04.574,sku01639465045848,CPO.ID
TEZ.04.575,sku01640328267730,CPO.PH
PH09089,sku01640659093395,MPH.07
PH09089,sku01640659093395,MPH.06
PH02090,sku01640746564952,LZC.PH
PH02090,sku11640746564982,LZC.PH
PH02090,sku21640746564989,LZC.PH
PH02090,sku31640746565008,LZC.PH
PH02090,sku41640746565022,LZC.PH
TEZ.04.578,sku01641099728170,CPO.PH
TEZ.04.579,sku01641100779509,CPO.PH
TEZ.04.580,sku01641182578777,LZC.PH
TEZ.04.581,sku01641182663155,LZC.PH
TEZ.04.581,sku11641182663166,LZC.PH
TEZ.04.581,sku21641182663184,LZC.PH
TEZ.04.581,sku31641182663193,LZC.PH
TEZ.04.582,sku01641280109476,LZC.PH
TEZ.04.583,sku01641288257127,WAR.PH
TEZ.04.584,sku01641437681331,LZC.PH
TEZ.04.584,sku11641437681338,LZC.PH
TEZ.04.584,sku21641437681343,LZC.PH
TEZ.04.585,sku01641521611771,LZC.PH
TEZ.04.585,sku11641521611785,LZC.PH
TEZ.04.585,sku21641521611789,LZC.PH
TEZ.04.586,sku01641867052765,CPO.ID
TEZ.04.587,sku01641891859347,CPO.PH
PH09091,sku01641954564955,MPH.11
PH09091,sku01641954564955,MPH.10
PH09091,sku01641954564955,MPH.12
TEZ.04.589,sku01641955873518,CPO.PH
PH02092,sku01642131018861,LZC.PH
PH02092,sku11642131018880,LZC.PH
PH02092,sku21642131018891,LZC.PH
PH02092,sku31642131018897,LZC.PH
PH02092,sku41642131018902,LZC.PH
TEZ.04.592,sku01642307592514,CPO.PH
TEZ.04.593,sku01642384308592,AMZ.PH
TEZ.04.593,sku11642384308756,AMZ.PH
TEZ.04.593,sku21642384308804,AMZ.PH
ID05038,sku01642949552445,MID.04
ID05038,sku01642949552445,MID.08
ID05038,sku01642949552445,MID.01
ID05038,sku01642949552445,MID.02
ID05038,sku01642949552445,AMZ.ID
ID05038,sku01642949552445,WAR.ID
ID05038,sku01642949552445,CPO.ID
ID05039,sku01642949718695,MID.02
ID05039,sku01642949718695,MID.01
ID05039,sku01642949718695,CPO.ID
ID05040,sku01643183964321,MID.02
ID05040,sku01643183964321,MID.01
ID05040,sku01643183964321,MID.08
ID05040,sku01643183964321,MID.04
ID05040,sku01643183964321,WG.ID
ID05040,sku01643183964321,WAR.ID
ID05040,sku01643183964321,AMZ.ID
ID05040,sku01643183964321,CPO.ID
TEZ.04.594,sku01643350637414,LZC.PH
TEZ.04.594,sku11643350637469,LZC.PH
TEZ.04.594,sku21643350637530,LZC.PH
TEZ.04.595,sku01643356566148,LZC.PH
TEZ.04.595,sku11643356566191,LZC.PH
TEZ.04.595,sku21643356566209,LZC.PH
TEZ.04.595,sku31643356566269,LZC.PH
TEZ.04.595,sku41643356566305,LZC.PH
TEZ.04.596,sku01643356697539,LZC.PH
TEZ.04.596,sku11643356697568,LZC.PH
TEZ.04.596,sku21643356697596,LZC.PH
TEZ.04.596,sku31643356697662,LZC.PH
TEZ.04.597,sku01643437190075,LZC.PH
TEZ.04.597,sku11643437190124,LZC.PH
PH02093,sku01645092562388,MPH.03
PH02093,sku01645092562388,MPH.11
PH02093,sku01645092562388,MPH.12
PH02093,sku01645092562388,MPH.10
PH02093,sku01645092562388,MPH-06
PH02093,sku01645092562388,CPO.PH
PH02093,sku01645092562388,LZC.PH
PH02093,sku11645092562403,MPH.03
PH02093,sku11645092562403,MPH.11
PH02093,sku11645092562403,MPH.12
PH02093,sku11645092562403,MPH.10
PH02093,sku11645092562403,MPH-06
PH02093,sku11645092562403,CPO.PH
PH02093,sku11645092562403,LZC.PH
PH02093,sku21645092562409,MPH.03
PH02093,sku21645092562409,MPH.11
PH02093,sku21645092562409,MPH.12
PH02093,sku21645092562409,MPH.10
PH02093,sku21645092562409,MPH-06
PH02093,sku21645092562409,CPO.PH
PH02093,sku21645092562409,LZC.PH
PH02093,sku31645092562414,MPH.03
PH02093,sku31645092562414,MPH.11
PH02093,sku31645092562414,MPH.12
PH02093,sku31645092562414,MPH.10
PH02093,sku31645092562414,MPH-06
PH02093,sku31645092562414,CPO.PH
PH02093,sku31645092562414,LZC.PH
PH09098,sku01646128994622,QT.PH
PH09099,sku01646131962477,QT.PH
TEZ.04.604,sku01646185874004,CPO.ID
TEZ.04.605,sku01646191979028,WAR.PH
ID05041,sku01647226142125,MID.08
ID05041,sku01647226142125,MID.04
ID05041,sku01647226142125,MID.02
ID05041,sku01647226142125,MID.01
ID05041,sku01647226142125,AMZ.ID
ID05041,sku01647226142125,CPO.ID
PH09095,sku01647916201144,TVH.PH
PH02100,sku01647916689125,MPH.21
PH02100,sku01647916689125,CPO.PH
PH06096,sku01648438418588,MPH.07
PH06096,sku01648438418588,MPH.06
PH06107,sku01648439990334,MPH.39
PH06107,sku01648439990334,WAR.PH
PH06107,sku11648439990339,MPH.39
PH06107,sku11648439990339,WAR.PH
PH06103,sku01648702075172,MPH.23
PH05097,sku01648714582106,ARN06
PH05097,sku01648714582106,ARN-BG.PH
PH06104,sku01649212170087,WAR.PH
PH06104,sku11649212170100,WAR.PH
PH06106,sku01649392514256,WAR.PH
PH09102,sku01649731385480,WG.PH
PH04101,sku01649900792169,WG.PH
PH09115,sku01649989311367,ARN-CTB.PH
PH09115,sku01649989311367,ARN-BG.PH
PH09115,sku01649989311367,ARN-BD.PH
PH09115,sku01649989311367,ARN.PH
PH09109,sku01650077676920,WG.PH
TEZ.04.631,sku01650079602524,R&D.ID
PH06103,sku11650092684362,MPH.23
PH06103,sku21650092684380,MPH.23
PH06103,sku31650092684391,MPH.23
PH02100,sku11650257326979,MPH.21
PH02100,sku11650257326979,CPO.PH
PH02100,sku21650257326990,MPH.21
PH02100,sku21650257326990,CPO.PH
PH02100,sku31650257326997,MPH.21
PH02100,sku31650257326997,CPO.PH
PH05124,sku01650264573386,MPH.07
PH05124,sku01650264573386,MPH.06
PH05124,sku01650264573386,MPH.26
PH02134,sku01650610566608,LZC.PH
PH02134,sku11650610566627,LZC.PH
PH09108,sku01650939758234,MPH.23
PH06110,sku01650956540683,TVH.PH
PH01111,sku01650956740618,TVH.PH
PH01111,sku11650956740645,TVH.PH
PH05117,sku01651461944065,MPH.39
PH05117,sku01651461944065,MPH.11
PH05117,sku01651461944065,MPH.12
PH05117,sku01651461944065,MPH.03
PH09113,sku01651550098605,ARN.PH
PH09113,sku01651550098605,ARN-CTB.PH
PH09113,sku01651550098605,ARN-BD.PH
PH09113,sku01651550098605,ARN06
PH09113,sku01651550098605,ARN-BG.PH
PH09114,sku01651550363517,ARN.PH
PH09114,sku01651550363517,ARN-CTB.PH
PH09114,sku01651550363517,ARN-BD.PH
PH09114,sku01651550363517,ARN06
PH09114,sku01651550363517,ARN-BG.PH
PH04121,sku01651888895985,WG.PH
PH09118,sku01652086710189,TVH.PH
PH09119,sku01652086736827,TVH.PH
PH09120,sku01652091315113,TVH.PH
PH09120,sku11652091315118,TVH.PH
PH01122,sku01652153320753,TVH.PH
PH03123,sku01652153351076,TVH.PH
ID05042,sku01653291465927,MID.24
ID05042,sku01653291465927,R&D.ID
PH01126,sku01653536927454,TVH.PH
PH09127,sku01653538336023,TVH.PH
PH08130,sku01653550096393,TVH.PH
PH09131,sku01653550216982,TVH.PH
PH09131,sku11653550217067,TVH.PH
PH09128,sku01653981586160,TVH.PH
PH09129,sku01654225984941,TVH.PH
PH09132,sku01654848295427,TVH.PH
PH10133,sku01655368598456,TVH.PH
ID05043,sku01655606031426,MID.24
ID05043,sku01655606031426,R&D.ID
PH02134,sku21655882776052,LZC.PH
PH09136,sku01656471149644,MPH.23
PH09137,sku01656471448483,MPH.26
PH09137,sku01656471448483,MPH.07
PH09137,sku01656471448483,MPH.06
PH09139,sku01656484963678,MPH.07
PH09139,sku01656484963678,MPH.06
PH09140,sku01656485153547,MPH.07
PH09140,sku01656485153547,MPH.06
ID05044,sku01656494454519,MID.08
ID05044,sku01656494454519,MID.02
ID05044,sku01656494454519,MID.01
ID05044,sku01656494454519,CPO.ID
ID05044,sku01656494454519,AMZ.ID
PH09141,sku01657814607191,MPH.06
PH09141,sku01657814607191,MPH.07
PH09141,sku01657814607191,MPH.03
ID05046,sku01658223956935,EZ.ID
ID05045,sku01658829337773,OM.ID
PH10142,sku01659666637383,LZC.PH
ID05048,sku01659667542828,MID.08
ID05048,sku01659667542828,MID.02
ID05048,sku01659667542828,MID.01
ID05048,sku01659667542828,CPO.ID
ID05048,sku01659667542828,AMZ.ID
ID05046,sku11660190797746,EZ.ID
ID05046,sku21660190797850,EZ.ID
ID05047,sku01660448594760,MID.24
ID05047,sku01660448594760,MID.04
ID05047,sku01660448594760,MID.08
ID05047,sku01660448594760,MID.02
ID05047,sku01660448594760,MID.01
ID05047,sku01660448594760,AMZ.ID
ID05047,sku01660448594760,CPO.ID
ID05047,sku01660448594760,WAR.ID
ID05047,sku01660448594760,R&D.ID
MY00001,sku01663043254247,MMY.20
MY00001,sku01663043254247,MVN.16
MY00001,sku01663043254247,MMY.17
MY00002,sku01663043396712,MMY.20
MY00002,sku01663043396712,MMY.17
MY00002,sku01663043396712,MVN.16
MY09006,sku01663062757258,MMY.20
MY09006,sku01663062757258,MMY.17
MY00006,sku01663062927657,MMY.20
MY00006,sku01663062927657,MMY.17
MY00004,sku01663149160529,MMY.20
MY00004,sku01663149160529,MVN.16
MY00004,sku01663149160529,MMY.17
MY00004,sku11663150050677,MMY.20
MY00004,sku11663150050677,MVN.16
MY00004,sku11663150050677,MMY.17
ID05049,sku01663224352809,MID.24
ID05049,sku01663224352809,MID.02
ID05049,sku01663224352809,MID.08
ID05049,sku01663224352809,MID.04
ID05049,sku01663224352809,R&D.ID
ID05049,sku01663224352809,MID.01
MY00003,sku01663224818198,MMY.20
MY00003,sku01663224818198,MMY.17
MY00003,sku01663224818198,MVN.16
MY05007,sku01663225120337,MMY.17
MY05007,sku01663225120337,MMY.20
MY05007,sku01663225120337,MVN.16
MY05007,sku11663225120527,MMY.17
MY05007,sku11663225120527,MMY.20
MY05007,sku11663225120527,MVN.16
MY05007,sku21663225120961,MMY.17
MY05007,sku21663225120961,MMY.20
MY05007,sku21663225120961,MVN.16
ID05050,sku01663587568169,MID.04
ID05050,sku01663587568169,MID.01
ID05050,sku01663587568169,R&D.ID
MY00004,sku21663645945567,MMY.20
MY00004,sku21663645945567,MVN.16
MY00004,sku21663645945567,MMY.17
MY00004,sku31663645945846,MMY.20
MY00004,sku31663645945846,MVN.16
MY00004,sku31663645945846,MMY.17
ID05053,sku01664196178271,MID.08
ID05053,sku01664196178271,MID.02
ID05053,sku01664196178271,MID.01
ID05053,sku01664196178271,CPO.ID
MY00006,sku11664266272384,MMY.20
MY00006,sku11664266272384,MMY.17
MY00006,sku21664266272523,MMY.20
MY00006,sku21664266272523,MMY.17
MY00006,sku31664266272679,MMY.20
MY00006,sku31664266272679,MMY.17
ID05055,sku01664440189773,MID.02
ID05055,sku01664440189773,MID.01
ID05055,sku01664440189773,MID.08
ID05055,sku01664440189773,MID.04
ID05055,sku01664440189773,CPO.ID
ID05055,sku01664440189773,R&D.ID
PH09152,sku01664854471163,MPH.12
PH09152,sku01664854471163,MPH.11
PH09152,sku01664854471163,MPH.10
PR00001,sku01665458117202,ARN.PH
PR00001,sku11665624260046,ARN.PH
ID05059,sku01666079019360,MID.08
ID05059,sku01666079019360,MID.04
ID05059,sku01666079019360,R&D.ID
ID05051,sku01666452269374,R&D.ID
ID05051,sku01666452269374,MID.24
ID05054,sku01666453988354,MID.04
ID05054,sku01666453988354,MID.24
MY05013,sku01668417417862,MMY.17
ID05056,sku01668567802539,MID.08
ID05056,sku01668567802539,CPO.ID
ID05056,sku01668567802539,MID.01
ID05056,sku11668567802678,MID.08
ID05056,sku11668567802678,CPO.ID
ID05056,sku11668567802678,MID.01
PH01088,sku41669455668025,LZC.PH
PH01088,sku51669455668112,LZC.PH
PH01088,sku61669455668211,LZC.PH
PH01088,sku71669455668364,LZC.PH
PH01088,sku81669455668510,LZC.PH
PH01088,sku91669455668620,LZC.PH
PH01088,sku101669455668732,LZC.PH
PH01088,sku111669455668805,LZC.PH
PH01088,sku121669455668886,LZC.PH
PH01088,sku131669455668974,LZC.PH
PH01088,sku141669455669031,LZC.PH
PH01088,sku151669455669103,LZC.PH
PH01088,sku161669455669216,LZC.PH
PH01088,sku171669455669347,LZC.PH
PH01088,sku181669455669687,LZC.PH
PH01088,sku191669455669882,LZC.PH
ID05062,sku01670044856471,MID.29
ID05063,sku01670047123385,R&D.ID
ID05063,sku01670047123385,MID.04
ID05063,sku01670047123385,MID.24
ID05057,sku01670495245882,MID.01
ID05057,sku01670495245882,MID.04
ID05057,sku01670495245882,R&D.ID
ID05057,sku01670495245882,MID.24
ID05057,sku01670495245882,MID.08
ID05058,sku01670495320524,MID.01
ID05058,sku01670495320524,MID.04
ID05058,sku01670495320524,R&D.ID
ID05058,sku01670495320524,MID.24
ID05058,sku01670495320524,MID.08
ID05064,sku01672209887344,MID.01
ID05064,sku01672209887344,MID.08
ID05067,sku01672301503981,MID.08
ID05067,sku01672301503981,MID.01
ID05065,sku01672887871336,MID.01
ID05061,sku01672998274857,MID.08
ID05066,sku01673406980294,MID.08
ID05066,sku11673406980301,MID.08
ID05070,sku01673420033125,MID.24
ID05070,sku01673420033125,MID.04
ID05071,sku01674000253469,WAR.ID
ID05071,sku01674000253469,MID.24
ID05071,sku01674000253469,MID.04
ID05072,sku01674007031919,MID.24
ID05069,sku01674259880934,MID.24
ID05069,sku01674259880934,MID.04
ID05068,sku01675140782560,MID.24
ID05068,sku01675140782560,MID.04
ID05074,sku01675310168543,MID.01
LZC09180,sku01675831616011,LZC.PH
LZC09186,sku01676510997221,LZC.PH
KH3709003,sku01676861738912,MKH.37
PH2309001,sku01676882637748,MPH.23
PH2109001,sku01676882749192,MPH.21
PH2306002,sku01676883284701,MPH.23
PH2301003,sku01676883789090,MPH.23
PH2101002,sku01676883907282,MPH.21
MY1809001,sku01676884809564,MMY.25
MY1809001,sku01676884809564,MMY.18
MY1809001,sku01676884809564,MMY.19
MY2209001,sku01676885247590,MMY.22
MY2209001,sku01676885247590,MMY.35
MY1809002,sku01676885585952,MMY.18
MY1809002,sku01676885585952,MMY.19
MY1809002,sku01676885585952,MMY.25
MY2209002,sku01676885712877,MMY.22
MY1809007,sku01676885799307,MMY.19
MY1809007,sku01676885799307,MMY.25
MY1809007,sku01676885799307,MMY.18
MY2209007,sku01676885875896,MMY.22
MY2209007,sku01676885875896,MMY.35
MY1909003,sku01676886898443,MMY.25
MY1909003,sku01676886898443,MMY.19
MY1909003,sku01676886898443,MMY.18
MY2209003,sku01676887099998,MMY.35
MY2209003,sku01676887099998,MMY.22
MY2505009,sku01676888250145,MMY.25
MY2205009,sku01676888296324,MMY.22
MY2205009,sku01676888296324,MMY.35
PH1209005,sku01676893903085,MPH.12
PH1209005,sku01676893903085,MPH.39
PH1009006,sku01676894227859,MPH.03
PH1009006,sku01676894227859,MPH.11
PH1009006,sku01676894227859,MPH.10
PH1009006,sku01676894227859,MPH.12
PH2309006,sku01676894366712,MPH.23
PH0301007,sku01676894588241,MPH.03
PH2301007,sku01676894747115,MPH.23
PH0306011,sku01676897192389,MPH.03
PH0306011,sku01676897192389,MPH.10
PH0306011,sku01676897192389,MPH.11
PH0306011,sku01676897192389,MPH.12
PH2306008,sku01676897360858,MPH.23
PH1009014,sku01676899468819,MPH.12
PH1009014,sku01676899468819,MPH.11
PH1009014,sku01676899468819,MPH.10
PH1009014,sku01676899468819,MPH.39
PH2305011,sku01676899756643,MPH.23
PH1209012,sku01676900032620,MPH.39
PH1209012,sku01676900032620,MPH.03
PH1209012,sku01676900032620,MPH.12
PH2309010,sku01676900132339,MPH.23
PH0710002,sku01676900269544,MPH.07
PH0710002,sku01676900269544,MPH.06
PH0609001,sku01676900378303,MPH.06
PH0609001,sku01676900378303,MPH.07
PH2309009,sku01676900463123,MPH.23
PH2109004,sku01676900521736,MPH.21
PH4209003,sku01676909582120,MPH.42
PH2109003,sku01676965039099,MPH.21
ID0109001,sku01677053676519,MID.01
ID0109002,sku01677054764049,MID.01
ID0109003,sku01677055035582,MID.01
ID0109004,sku01677055200395,MID.01
ID010200501,sku01677055444595,MID.01
ID0109006,sku01677055574941,MID.01
ID010200502,sku01677056183815,MID.01
ID010900801,sku01677057300375,MID.01
ID0104010,sku01677057785177,MID.01
ID0104011,sku01677058365277,MID.01
ID010900802,sku01677058736569,MID.01
ID0109017,sku01677059308394,MID.01
ID0109013,sku01677074665323,MID.01
ID0104014,sku01677074740014,MID.01
ID0104016,sku01677075490161,MID.01
ID0809001,sku01677075935666,MID.08
ID0809002,sku01677076118730,MID.08
ID0809003,sku01677076289229,MID.08
ID0809004,sku01677076927110,MID.08
ID0809005,sku01677077055386,MID.08
ID080200601,sku01677077190462,MID.08
ID0809007,sku01677077411032,MID.08
ID0806008,sku01677077652447,MID.08
ID0809009,sku01677077762114,MID.08
ID080200602,sku01677077854959,MID.08
ID0809010,sku01677109696320,MID.08
ID0809011,sku01677109836170,MID.08
ID0809012,sku01677109933573,MID.08
ID0109018,sku01677110101091,MID.01
PH1209010,sku01677120653422,MPH.12
PH2809003,sku01677143902904,WAR.PH
PH2309012,sku01677147137135,MPH.23
ID0809024,sku01677150837374,MID.08
ID080901301,sku01677151276910,MID.08
ID0803014,sku01677151373384,MID.08
ID080901303,sku01677152198500,MID.08
ID0809015,sku01677152377644,MID.08
ID0804016,sku01677153626745,MID.08
ID0809017,sku01677154747284,MID.08
PH1009016,sku01677154823451,MPH.12
PH1009016,sku01677154823451,MPH.11
PH1009016,sku01677154823451,MPH.10
ID0803019,sku01677156105482,MID.08
ID0809021,sku01677156325161,MID.08
ID0809023,sku01677156520897,MID.08
ID0409002,sku01677204443065,MID.04
ID2409003,sku01677208554857,MID.24
ID2409003,sku01677208554857,MID.04
ID2409005,sku01677209441660,MID.24
ID2409005,sku01677209441660,MID.04
ID2409006,sku01677209617817,MID.04
ID2409006,sku01677209617817,MID.24
ID0409007,sku01677209727819,MID.04
ID0409008,sku01677209904880,MID.04
ID0409009,sku01677210633465,MID.24
ID0409009,sku01677210633465,MID.04
ID0409010,sku01677213090649,MID.24
ID0409010,sku01677213090649,MID.04
ID2409011,sku01677213203374,MID.24
ID2409011,sku01677213203374,MID.04
ID2409012,sku01677213336591,MID.04
ID2409012,sku01677213336591,MID.24
ID2409013,sku01677213434737,MID.04
ID2409013,sku01677213434737,MID.24
ID2409014,sku01677213525736,MID.04
ID2409014,sku01677213525736,MID.24
ID2403015,sku01677213823582,MID.24
ID2403015,sku01677213823582,MID.04
ID2404016,sku01677214181723,MID.24
ID2404016,sku01677214181723,MID.04
ID0404017,sku01677214419269,MID.04
ID2409018,sku01677214526545,MID.04
ID2409018,sku01677214526545,MID.24
ID2406019,sku01677214903372,MID.24
ID2406019,sku01677214903372,MID.04
ID2404020,sku01677215038330,MID.24
ID2404020,sku01677215038330,MID.04
ID0406021,sku01677215273717,MID.04
ID040400101,sku01677224005883,MID.04
ID040400102,sku01677224231077,MID.04
ID040400104,sku01677224548924,MID.04
ID040400105,sku01677224849042,MID.04
ID0403022,sku01677225592925,MID.04
ID040602301,sku01677225729089,MID.04
ID040602302,sku01677225904098,MID.04
ID040602303,sku01677226051560,MID.04
ID040202401,sku01677226231750,MID.04
ID040202402,sku01677226342012,MID.04
ID040202403,sku01677226458866,MID.04
ID0403025,sku01677228364050,MID.04
ID0109020,sku01677237500772,MID.01
ID0109021,sku01677237911948,MID.01
ID0109022,sku01677238143390,MID.01
ID080202201,sku01677238622979,MID.08
ID080202202,sku01677239287841,MID.08
ID080202203,sku01677239529156,MID.08
ID080301801,sku01677239695373,MID.08
ID080301802,sku01677240129213,MID.08
ID080301803,sku01677240242314,MID.08
ID0804020,sku01677299217554,MID.08
PH2809005,sku01677662332866,WAR.PH
PH4309001,sku01677724954820,MPH.43
MY1709001,sku01677812532615,MMY.17
KH3409005,sku01677826245007,MKH.34
KH3409007,sku01677920494597,MKH.34
TH01ODD1221,sku01678087115109,MTH.45
TH01ODD1221,sku11678087115152,MTH.45
ARN.01.002.TH,sku01615177286802,EZT.TH
PH1209015,sku01676899186082,MPH.39
PH1209015,sku01676899186082,MPH.10
PH1209015,sku01676899186082,MPH.12
PH1209015,sku01676899186082,MPH.11
MY2209010,sku01678261512047,MMY.22
MY2209011,sku01678261562281,MMY.35
MY2209011,sku01678261562281,MMY.22
PH4409004,sku01678413339763,MPH.44
MY1809013,sku01678675389477,MMY.25
MY1809013,sku01678675389477,MMY.18
PH0705007,sku01678677057126,MPH.07
MY25005014,sku01678893139932,MMY.25
KH3403010,sku01678933813600,MKH.34
PH2601008,sku01678937789487,MPH.07
PH2601008,sku01678937789487,MPH.26
MY2509015,sku01678938826340,MMY.25
BORA09001,sku01679047190398,BORA.PH
BORA09002,sku01679047321401,BORA.PH
ID01090026,sku01679181257166,MID.01
PH2809034,sku01679472304788,WAR.PH
MY1709002,sku01679555865783,MMY.17
PH01105,sku31649911227484,MPH.10
PH01105,sku31649911227484,MPH.39
PH01105,sku31649911227484,MPH.12
PH01105,sku31649911227484,MPH.11
PH01105,sku31649911227484,MPH.03
PH01105,sku41649911227534,MPH.10
PH01105,sku41649911227534,MPH.39
PH01105,sku41649911227534,MPH.12
PH01105,sku41649911227534,MPH.11
PH01105,sku41649911227534,MPH.03
PH01105,sku51649911227612,MPH.10
PH01105,sku51649911227612,MPH.39
PH01105,sku51649911227612,MPH.12
PH01105,sku51649911227612,MPH.11
PH01105,sku51649911227612,MPH.03
PH01007,sku01619147486174,LZC.PH
PH09172,sku1675247424853,LZC.PH
PH01105,sku01649911227395,MPH.10
PH01105,sku01649911227395,MPH.39
PH01105,sku01649911227395,MPH.12
PH01105,sku01649911227395,MPH.11
PH01105,sku01649911227395,MPH.03
PH01105,sku11649911227413,MPH.10
PH01105,sku11649911227413,MPH.39
PH01105,sku11649911227413,MPH.12
PH01105,sku11649911227413,MPH.11
PH01105,sku11649911227413,MPH.03
PH01105,sku21649911227458,MPH.10
PH01105,sku21649911227458,MPH.39
PH01105,sku21649911227458,MPH.12
PH01105,sku21649911227458,MPH.11
PH01105,sku21649911227458,MPH.03
PH01105,sku61649911227627,MPH.10
PH01105,sku61649911227627,MPH.39
PH01105,sku61649911227627,MPH.12
PH01105,sku61649911227627,MPH.11
PH01105,sku61649911227627,MPH.03
PH01105,sku71649911227649,MPH.10
PH01105,sku71649911227649,MPH.39
PH01105,sku71649911227649,MPH.12
PH01105,sku71649911227649,MPH.11
PH01105,sku71649911227649,MPH.03
PH09172,sku01671767281406,LZC.PH
ID0406004,sku01677208698133,MID.24
ID0406004,sku01677208698133,MID.04
PH0309001,sku01676882360466,MPH.39
PH0309001,sku01676882360466,MPH.12
PH0309001,sku01676882360466,MPH.11
PH0309001,sku01676882360466,MPH.10
PH0309001,sku01676882360466,MPH.03
